,City,Country,Lat,Lng,Max Temp,Humidity,Cloudiness,Wind Speed,Current Description
0,Hermanus,ZA,-34.4187,19.2345,70.81,56,54,2.57,broken clouds
1,Loa Janan,ID,-0.583,117.095,75.7,96,97,0.16,overcast clouds
2,Yellowknife,CA,62.456,-114.3525,36.12,51,20,10.36,few clouds
3,Gilgit,PK,35.9221,74.3087,75.7,41,96,5.21,overcast clouds
4,Esperance,AU,-33.8667,121.9,63.1,64,100,14.38,overcast clouds
5,Norman Wells,CA,65.282,-126.8329,48.24,43,20,12.66,few clouds
6,Cape Town,ZA,-33.9258,18.4232,74.1,53,64,1.99,broken clouds
7,Tevaitoa,PF,-16.7833,-151.5,80.37,75,98,8.25,light rain
8,Tasiilaq,GL,65.6145,-37.6368,28.54,70,100,2.84,overcast clouds
9,Lebedinyy,RU,58.5167,125.5167,14.52,94,94,4.07,overcast clouds
10,Hithadhoo,MV,-0.6,73.0833,85.42,75,88,20.07,overcast clouds
11,Rincon,US,32.296,-81.2354,83.91,61,40,4.61,scattered clouds
12,Izvestkovyy,RU,48.9833,131.55,40.1,89,100,2.66,light rain
13,Albany,US,42.6001,-73.9662,55.62,81,100,5.01,overcast clouds
14,Poya,NC,-21.35,165.15,73.38,94,13,0.87,few clouds
15,Qaanaaq,GL,77.484,-69.3632,18.0,56,100,1.59,overcast clouds
16,Avarua,CK,-21.2078,-159.775,80.65,83,75,11.5,broken clouds
17,East London,ZA,-33.0153,27.9116,68.94,83,0,11.5,clear sky
18,Bawku,GH,11.0616,-0.2417,103.44,19,99,2.53,overcast clouds
19,Codrington,AU,-38.2667,141.9667,56.41,76,51,8.39,broken clouds
20,Bluff,NZ,-46.6,168.3333,46.8,81,46,8.66,scattered clouds
21,Biak,ID,-0.9131,122.8766,76.91,83,65,5.26,broken clouds
22,Upernavik,GL,72.7868,-56.1549,11.64,70,44,1.74,scattered clouds
23,Margate,GB,51.3813,1.3862,57.87,65,26,4.0,scattered clouds
24,Novyy Urengoy,RU,66.0833,76.6333,14.34,92,94,4.23,overcast clouds
25,Nikolskoye,RU,59.7035,30.7861,53.49,53,100,10.22,overcast clouds
26,Samarai,PG,-10.6167,150.6667,80.49,81,48,6.04,scattered clouds
27,Marawi,PH,7.9986,124.2928,70.32,94,100,1.34,overcast clouds
28,Colombia,CU,20.9881,-77.4297,90.09,46,19,8.95,few clouds
29,Senno,RU,59.5336,33.9167,52.27,55,100,6.96,overcast clouds
30,Geraldton,AU,-28.7667,114.6,61.21,82,0,12.66,clear sky
31,Ixtapa,MX,20.7,-105.2,86.29,33,55,3.09,broken clouds
32,Port Blair,IN,11.6667,92.75,82.44,83,40,2.3,mist
33,Carnarvon,AU,-24.8667,113.6333,73.4,67,0,20.8,clear sky
34,Jalu,LY,29.0331,21.5482,75.27,40,0,27.34,clear sky
35,Arraial Do Cabo,BR,-22.9661,-42.0278,82.26,74,0,11.5,clear sky
36,Rikitea,PF,-23.1203,-134.9692,76.8,71,100,8.77,overcast clouds
37,New Norfolk,AU,-42.7826,147.0587,61.92,74,100,1.99,overcast clouds
38,Punta Arenas,CL,-53.15,-70.9167,44.11,75,93,21.36,overcast clouds
39,Port Alfred,ZA,-33.5906,26.891,68.18,81,35,4.0,scattered clouds
40,Shitanjing,CN,39.2342,106.3439,55.33,15,0,2.98,clear sky
41,Krasnyy Kut,RU,50.95,46.9667,50.45,41,86,1.92,overcast clouds
42,Cherskiy,RU,68.75,161.3,26.87,94,100,3.24,overcast clouds
43,Southampton,GB,50.904,-1.4043,59.0,64,40,3.44,scattered clouds
44,Hofn,IS,64.2539,-15.2082,36.03,78,100,8.79,light rain
45,Kibre Mengist,ET,5.8833,38.9833,61.27,98,94,0.76,moderate rain
46,Beipiao,CN,41.7919,120.7792,50.2,29,47,7.78,scattered clouds
47,Ponta Do Sol,PT,32.6667,-17.1,72.01,70,1,7.27,clear sky
48,Vaini,TO,-21.2,-175.2,78.13,76,99,18.77,overcast clouds
49,Pevek,RU,69.7008,170.3133,0.84,98,44,2.46,scattered clouds
50,Hilo,US,19.7297,-155.09,72.28,93,100,6.91,heavy intensity rain
51,Goldap,PL,54.3063,22.3036,53.8,56,30,6.51,scattered clouds
52,Ushuaia,AR,-54.8,-68.3,41.34,87,97,5.99,overcast clouds
53,Huarmey,PE,-10.0681,-78.1522,71.01,73,83,7.78,broken clouds
54,Hachinohe,JP,40.5,141.5,42.04,74,38,9.13,scattered clouds
55,Chuy,UY,-33.6971,-53.4616,63.41,54,91,9.62,overcast clouds
56,Castro,BR,-24.7911,-50.0119,74.55,58,50,8.12,scattered clouds
57,Lagoa,PT,39.05,-27.9833,61.7,78,11,6.4,few clouds
58,Kurunegala,LK,7.4863,80.3623,76.12,95,40,3.89,scattered clouds
59,Ilhabela,BR,-23.7781,-45.3581,77.79,80,24,4.9,few clouds
60,Atuona,PF,-9.8,-139.0333,78.76,81,100,16.31,light rain
61,Maksatikha,RU,57.797,35.8825,48.4,62,82,4.61,broken clouds
62,Barrow,US,71.2906,-156.7887,15.82,79,100,11.5,overcast clouds
63,Farrukhnagar,IN,17.0778,78.2011,91.11,24,56,6.29,broken clouds
64,Lompoc,US,34.6391,-120.4579,62.56,96,100,0.0,mist
65,Bethel,US,41.3712,-73.414,56.19,77,100,3.0,overcast clouds
66,Georgetown,MY,5.4112,100.3354,82.33,89,20,0.0,few clouds
67,Bredasdorp,ZA,-34.5322,20.0403,63.0,77,55,5.64,broken clouds
68,Busselton,AU,-33.65,115.3333,57.34,82,39,6.8,scattered clouds
69,Tuktoyaktuk,CA,69.4541,-133.0374,32.94,95,99,6.24,overcast clouds
70,Eureka,US,40.8021,-124.1637,52.93,69,42,8.99,scattered clouds
71,Mar Del Plata,AR,-38.0023,-57.5575,51.87,67,100,1.99,overcast clouds
72,Sala,MA,34.0389,-6.8166,66.88,63,40,10.36,scattered clouds
73,Puerto Ayora,EC,-0.7393,-90.3518,75.56,78,19,7.54,few clouds
74,Lata,PT,40.1629,-8.3327,64.92,53,4,13.49,clear sky
75,Kailua,US,21.4022,-157.7394,73.65,85,52,4.0,broken clouds
76,Bengkulu,ID,-3.8004,102.2655,77.63,90,100,5.28,light rain
77,Meulaboh,ID,4.1363,96.1285,76.57,93,100,2.19,light rain
78,Katsuura,JP,35.1333,140.3,55.69,80,81,11.74,broken clouds
79,Hamilton,US,39.1834,-84.5333,68.2,54,10,5.99,clear sky
80,Faya,SA,18.3851,42.4509,68.32,61,35,6.58,light rain
81,Chokurdakh,RU,70.6333,147.9167,0.81,100,92,5.3,overcast clouds
82,Harper,LR,4.375,-7.7169,84.16,74,65,7.49,light rain
83,Nabire,ID,-3.3667,135.4833,77.2,91,100,2.73,overcast clouds
84,Barakpur,IN,22.7614,88.3719,85.93,79,40,9.22,haze
85,Mataura,NZ,-46.1927,168.8643,46.47,86,22,2.73,few clouds
86,Kaitangata,NZ,-46.2817,169.8464,49.08,85,84,3.96,broken clouds
87,Airai,TL,-8.9266,125.4092,60.01,83,99,2.82,overcast clouds
88,Mandera,KE,3.9366,41.867,86.13,52,100,15.23,overcast clouds
89,Rundu,NA,-17.9333,19.7667,69.57,46,83,6.73,broken clouds
90,Guerrero Negro,MX,27.9769,-114.0611,62.38,66,36,13.56,scattered clouds
91,Den Helder,NL,52.9599,4.7593,59.95,43,7,10.0,clear sky
92,Dingle,PH,10.9995,122.6711,76.6,72,99,5.79,overcast clouds
93,Srednekolymsk,RU,67.45,153.6833,29.08,90,100,2.62,overcast clouds
94,Sisimiut,GL,66.9395,-53.6735,28.53,65,100,4.72,overcast clouds
95,Mwinilunga,ZM,-11.7358,24.4293,65.57,71,68,4.81,broken clouds
96,Murbad,IN,19.25,73.4,85.89,62,0,6.02,clear sky
97,Olinda,BR,-8.0089,-34.8553,82.81,75,71,12.71,broken clouds
98,Komsomolskiy,UZ,40.4272,71.7189,81.32,29,69,20.71,broken clouds
99,Avera,US,33.194,-82.5271,82.38,55,51,6.17,broken clouds
100,Bambous Virieux,MU,-20.3428,57.7575,76.21,83,14,10.27,few clouds
101,Cidreira,BR,-30.1811,-50.2056,63.36,72,100,5.21,heavy intensity rain
102,Hobart,AU,-42.8794,147.3294,62.26,73,100,9.22,overcast clouds
103,Saveh,IR,35.0213,50.3566,67.33,46,90,12.48,overcast clouds
104,Te Anau,NZ,-45.4167,167.7167,47.32,84,59,1.16,broken clouds
105,Mayo,US,38.8876,-76.5119,75.13,72,0,4.61,haze
106,Gimli,CA,50.6336,-96.9907,32.4,81,100,11.3,overcast clouds
107,Northam,GB,51.0333,-4.2167,58.66,82,83,8.95,broken clouds
108,Santa Luzia,BR,-19.7697,-43.8514,85.98,27,0,2.57,clear sky
109,Belyy Yar,RU,53.6039,91.3903,67.89,40,0,17.9,clear sky
110,Hovd,MN,48.0056,91.6419,61.93,19,97,9.37,overcast clouds
111,Rawson,AR,-43.3002,-65.1023,60.13,45,50,13.33,scattered clouds
112,Kapaa,US,22.0752,-159.319,71.92,96,100,19.57,heavy intensity rain
113,Edea,CM,3.8,10.1333,79.84,87,100,5.23,light rain
114,Aykhal,RU,66.0,111.5,15.19,96,23,8.19,few clouds
115,Saldanha,ZA,-33.0117,17.9442,82.45,70,77,8.5,broken clouds
116,Severo-Kurilsk,RU,50.6789,156.125,33.55,86,99,5.48,overcast clouds
117,San Ramon,US,37.7799,-121.978,59.58,79,100,11.5,overcast clouds
118,Saint George,US,37.1041,-113.5841,65.79,33,0,4.61,clear sky
119,Madimba,TZ,-10.4,40.3333,77.68,72,11,11.92,few clouds
120,Manama,BH,26.2154,50.5832,86.18,42,0,9.22,dust
121,Chapais,CA,49.7834,-74.8492,53.38,67,10,10.78,clear sky
122,San Lorenzo,PY,-25.3333,-57.5333,70.74,94,100,5.75,overcast clouds
123,Hay River,CA,60.8156,-115.7999,40.64,70,15,10.04,few clouds
124,Strezhevoy,RU,60.7333,77.5889,29.98,80,8,4.97,clear sky
125,Butaritari,KI,3.0707,172.7902,80.73,80,50,13.2,light rain
126,Popova,RU,42.9603,131.7228,43.23,78,55,9.64,broken clouds
127,Mahebourg,MU,-20.4081,57.7,76.24,83,14,9.46,few clouds
128,Flin Flon,CA,54.7682,-101.865,32.43,73,99,6.02,overcast clouds
129,Thessalon,CA,46.2501,-83.5666,48.49,98,100,5.79,overcast clouds
130,Pangnirtung,CA,66.1451,-65.7125,25.5,90,100,4.41,light snow
131,Qaqortoq,GL,60.7167,-46.0333,36.05,97,100,2.71,light rain
132,Remedios,CU,22.4947,-79.5458,85.12,60,24,14.18,few clouds
133,Saint-Pierre,RE,-21.3393,55.4781,74.88,82,0,4.61,clear sky
134,Basoko,CD,1.2391,23.616,80.04,65,98,2.68,overcast clouds
135,Poum,NC,-20.2333,164.0167,77.16,84,1,4.47,clear sky
136,Svetlogorsk,BY,52.6333,29.7333,55.06,74,79,9.1,broken clouds
137,General Roca,AR,-39.0333,-67.5833,63.63,39,8,7.31,clear sky
138,College,US,64.8569,-147.8028,43.23,65,75,4.61,broken clouds
139,Kavieng,PG,-2.5744,150.7967,82.6,77,100,5.99,light rain
140,Mount Gambier,AU,-37.8333,140.7667,54.28,82,46,7.02,scattered clouds
141,Prince Rupert,CA,54.3161,-130.3201,42.89,100,100,2.3,light rain
142,Beckley,US,37.7782,-81.1882,72.09,44,0,11.5,clear sky
143,Port-Cartier,CA,50.0334,-66.8654,47.75,66,4,4.43,clear sky
144,Caconda,AO,-13.7333,15.0667,67.59,55,33,6.35,scattered clouds
145,Matara,LK,5.9485,80.5353,80.29,87,84,8.97,broken clouds
146,Alekseyevsk,RU,57.8406,108.3492,30.63,77,100,9.69,overcast clouds
147,Miri,MY,4.4148,114.0089,80.74,94,20,3.44,few clouds
148,Iqaluit,CA,63.7506,-68.5145,20.7,73,98,15.99,overcast clouds
149,San Patricio,US,28.017,-97.5169,84.92,57,32,22.55,scattered clouds
150,Saint-Augustin,CA,51.226,-58.6502,40.21,88,100,15.03,overcast clouds
151,Kulotino,RU,58.45,33.3833,48.76,61,99,8.66,overcast clouds
152,Kudahuvadhoo,MV,2.6708,72.8944,85.08,76,99,19.91,overcast clouds
153,Pisco,PE,-13.7,-76.2167,69.03,80,60,6.51,broken clouds
154,Hasaki,JP,35.7333,140.8333,50.4,79,95,20.78,overcast clouds
155,Sistranda,NO,63.7256,8.834,44.56,67,98,24.32,overcast clouds
156,Chiautla,MX,19.5333,-98.8833,73.17,29,69,2.68,broken clouds
157,Yumen,CN,40.2833,97.2,59.59,8,3,8.66,clear sky
158,Kodiak,US,57.79,-152.4072,38.71,93,100,14.97,light rain
159,Bereznik,RU,62.8551,42.7072,40.42,83,100,9.13,overcast clouds
160,Inhambane,MZ,-23.865,35.3833,71.89,75,8,8.72,clear sky
161,Sorong,ID,-0.8833,131.25,79.18,86,93,4.43,overcast clouds
162,Sampit,ID,-2.5333,112.95,75.6,96,100,1.16,overcast clouds
163,Spokane,US,47.6166,-117.3677,50.41,74,0,10.36,clear sky
164,Khasan,RU,42.4308,130.6434,43.12,74,50,3.24,scattered clouds
165,Toro,CO,4.6117,-76.0814,79.48,67,93,0.76,overcast clouds
166,Singaparna,ID,-7.3515,108.111,73.62,98,100,1.01,overcast clouds
167,Lichinga,MZ,-13.3128,35.2406,55.56,91,28,3.2,scattered clouds
168,Iskateley,RU,67.6803,53.1512,19.58,90,47,7.09,scattered clouds
169,Ranong,TH,9.9658,98.6348,78.19,91,100,3.0,overcast clouds
170,Jishou,CN,28.3167,109.7167,60.94,69,5,2.62,clear sky
171,Thompson,CA,55.7435,-97.8558,27.12,82,97,8.08,overcast clouds
172,Redmond,US,47.674,-122.1215,50.77,87,100,1.01,moderate rain
173,Ivdel,RU,60.6911,60.4206,29.77,83,86,4.76,overcast clouds
174,Dudinka,RU,69.4058,86.1778,3.27,100,58,1.57,broken clouds
175,Khatanga,RU,71.9667,102.5,13.75,92,96,9.24,overcast clouds
176,Kartaly,RU,53.0522,60.6467,44.76,30,1,3.47,clear sky
177,Lasa,IT,46.6166,10.7002,59.68,84,100,1.88,overcast clouds
178,Manokwari,ID,-0.8667,134.0833,78.76,81,97,3.62,overcast clouds
179,Torbay,CA,47.6666,-52.7314,44.28,92,100,8.05,mist
180,Shahr-E Babak,IR,30.1165,55.1186,68.43,15,0,20.92,clear sky
181,Rio Tercero,AR,-32.173,-64.1141,64.45,35,100,6.42,overcast clouds
182,Moose Factory,CA,51.2585,-80.6094,48.18,87,100,12.66,overcast clouds
183,Dikson,RU,73.5069,80.5464,13.55,95,100,12.88,light snow
184,Panormos,GR,35.4182,24.6909,68.02,87,69,14.25,light rain
185,Faanui,PF,-16.4833,-151.75,80.67,74,100,8.66,overcast clouds
186,Comodoro Rivadavia,AR,-45.8667,-67.5,57.06,44,0,24.16,clear sky
187,Adrar,MR,20.5022,-10.0711,97.77,8,0,0.58,clear sky
188,Khovu-Aksy,RU,51.1333,93.6,55.26,33,98,5.3,overcast clouds
189,Nuevo Ideal,MX,24.8875,-105.0728,69.78,10,3,3.49,clear sky
190,Vieques,PR,18.425,-65.8329,85.1,69,75,11.5,haze
191,Havoysund,NO,70.9963,24.6622,30.43,74,100,21.99,light snow
192,Cerrito,CO,6.8432,-72.694,62.69,73,76,1.48,broken clouds
193,Ancud,CL,-41.8697,-73.8203,52.0,71,13,1.14,few clouds
194,Galbshtadt,RU,53.2264,78.9845,53.53,44,6,7.49,clear sky
195,Talnakh,RU,69.4865,88.3972,15.73,97,90,1.63,overcast clouds
196,Mukhen,RU,48.1,136.1,36.41,77,5,1.34,clear sky
197,Caravelas,BR,-17.7125,-39.2481,84.74,55,29,9.28,scattered clouds
198,Ongole,IN,15.5,80.05,86.97,73,95,15.64,overcast clouds
199,Gerash,IR,27.6652,54.1371,82.54,15,0,16.82,clear sky
200,Wenling,CN,28.3669,121.36,56.97,81,55,2.91,broken clouds
201,Rio Gallegos,AR,-51.6226,-69.2181,50.05,57,0,9.22,clear sky
202,Aklavik,CA,68.2191,-135.0107,31.84,96,91,5.55,overcast clouds
203,Port Elizabeth,ZA,-33.918,25.5701,73.09,87,31,5.01,scattered clouds
204,Tagusao,PH,9.1924,117.8141,80.01,81,100,3.56,overcast clouds
205,Victoria,HK,22.2855,114.1577,69.33,76,100,8.99,overcast clouds
206,Tilichiki,RU,60.4667,166.1,9.99,96,46,5.95,scattered clouds
207,Wangqing,CN,43.3218,129.7634,41.2,59,98,3.38,overcast clouds
208,Abu Kamal,SY,34.4506,40.9171,81.86,27,71,9.22,broken clouds
209,Maneadero,MX,31.7167,-116.5667,58.1,78,6,3.24,clear sky
210,Lebu,CL,-37.6167,-73.65,56.32,73,4,15.97,clear sky
211,Ouango,CF,4.3133,22.5552,83.25,62,100,0.94,overcast clouds
212,Muyezerskiy,RU,63.9333,31.65,38.52,97,100,18.05,overcast clouds
213,Lawton,US,34.6087,-98.3903,71.51,88,100,11.99,overcast clouds
214,Gornyak,RU,50.9942,81.4661,62.26,47,100,9.91,overcast clouds
215,Gidam,IN,18.9833,81.4,86.72,35,49,2.35,scattered clouds
216,Provideniya,RU,64.3833,-173.3,19.27,56,28,4.12,scattered clouds
217,Majene,ID,-3.5403,118.9707,79.83,84,100,6.22,overcast clouds
218,San Jose De Guanipa,VE,8.8872,-64.1651,89.15,39,2,14.65,clear sky
219,Diamantino,BR,-14.4086,-56.4461,91.83,34,91,5.06,overcast clouds
220,Dong Hoi,VN,17.4833,106.6,69.06,86,100,9.55,overcast clouds
221,Beira,MZ,-19.8436,34.8389,73.04,77,9,10.09,clear sky
222,Ahipara,NZ,-35.1667,173.1667,57.45,90,97,5.64,overcast clouds
223,Quelimane,MZ,-17.8786,36.8883,76.95,78,75,8.05,broken clouds
224,Charters Towers,AU,-20.1,146.2667,68.32,84,21,7.45,few clouds
225,Yashan,CN,22.1975,109.9419,64.98,73,98,4.21,overcast clouds
226,Bac Lieu,VN,9.285,105.7244,83.35,78,100,7.81,overcast clouds
227,Clermont,FR,49.5,2.4167,63.01,59,100,6.44,overcast clouds
228,Gat,IL,31.61,34.7642,76.41,46,99,13.67,overcast clouds
229,Jamestown,US,42.097,-79.2353,53.02,84,100,10.0,overcast clouds
230,Asfi,MA,32.2994,-9.2372,65.17,72,6,19.55,clear sky
231,Coquimbo,CL,-29.9533,-71.3436,60.53,77,0,10.36,clear sky
232,Nome,US,64.5011,-165.4064,28.47,59,0,14.97,clear sky
233,Klaksvik,FO,62.2266,-6.589,41.92,61,99,11.41,overcast clouds
234,Anadyr,RU,64.75,177.4833,12.7,92,0,6.71,clear sky
235,Bria,CF,6.5423,21.9863,83.3,60,100,6.22,overcast clouds
236,Zunyi,CN,27.6867,106.9072,54.19,74,33,3.98,scattered clouds
237,Nacala,MZ,-14.5428,40.6728,75.15,77,1,9.89,clear sky
238,Port Hawkesbury,CA,45.6169,-61.3485,45.79,76,98,15.01,overcast clouds
239,Banda Aceh,ID,5.5577,95.3222,80.49,82,100,14.63,overcast clouds
240,Bonavista,CA,48.6499,-53.1147,37.92,96,100,10.42,light rain
241,Thunder Bay,CA,48.4001,-89.3168,42.3,88,100,4.0,overcast clouds
242,Panuco,MX,22.05,-98.1667,84.38,54,32,12.8,scattered clouds
243,Jaguarari,BR,-10.2639,-40.1958,86.29,35,56,9.51,broken clouds
244,Olga,RU,43.7444,135.2892,37.54,93,83,4.21,moderate rain
245,Los Llanos De Aridane,ES,28.6585,-17.9182,67.12,82,75,16.11,broken clouds
246,Carutapera,BR,-1.195,-46.02,83.14,82,88,5.17,overcast clouds
247,Ilulissat,GL,69.2167,-51.1,26.62,50,75,3.44,broken clouds
248,Shingu,JP,33.7333,135.9833,50.49,79,69,6.62,broken clouds
249,Talaya,RU,61.3833,152.75,18.16,90,72,6.76,broken clouds
250,Zapolyarnyy,RU,69.4154,30.8136,31.28,91,100,25.12,overcast clouds
251,Kirakira,SB,-10.4544,161.9205,79.41,84,98,1.57,overcast clouds
252,Bathsheba,BB,13.2167,-59.5167,86.61,70,75,19.57,broken clouds
253,Isangel,VU,-19.55,169.2667,78.26,87,94,8.68,overcast clouds
254,Sur,OM,22.5667,59.5289,90.01,34,0,3.18,clear sky
255,Muros,ES,42.7762,-9.0603,61.09,60,61,16.87,light rain
256,Intipuca,SV,13.1969,-88.0544,87.69,53,51,0.22,broken clouds
257,Road Town,VG,18.4167,-64.6167,82.44,78,40,12.66,scattered clouds
258,Surgut,RU,61.25,73.4167,33.98,93,75,8.99,light shower snow
259,Nkoteng,CM,4.5167,12.0333,82.92,62,100,4.29,overcast clouds
260,Vrangel,RU,42.7297,133.0839,42.26,78,23,7.58,few clouds
261,Lavrentiya,RU,65.5833,-171.0,5.02,91,44,7.72,scattered clouds
262,Palmas Bellas,PA,9.2319,-80.0867,84.0,85,98,6.76,overcast clouds
263,Pasni,PK,25.2631,63.471,83.41,69,0,21.79,clear sky
264,Atambua,ID,-9.1061,124.8925,73.02,87,54,4.72,broken clouds
265,Husavik,IS,66.0449,-17.3389,36.16,56,81,4.76,broken clouds
266,Puerto Quijarro,BO,-17.7833,-57.7667,97.3,25,77,6.4,broken clouds
267,Hanzhong,CN,33.0728,107.0303,56.35,53,2,2.71,clear sky
268,Madison,US,34.7334,-86.5667,82.09,59,0,4.61,clear sky
269,Xining,CN,36.6167,101.7667,44.35,44,0,2.48,clear sky
270,Alyangula,AU,-13.8483,136.4192,79.74,73,5,9.8,clear sky
271,River Falls,US,44.8614,-92.6238,44.98,71,95,9.13,overcast clouds
272,Lima,PE,-12.0432,-77.0282,64.65,77,0,9.22,clear sky
273,Hammerfest,NO,70.6634,23.6821,28.85,86,75,27.63,light snow
274,Jambi,ID,-1.6,103.6167,76.03,96,100,2.46,overcast clouds
275,Hami,CN,42.8,93.45,69.35,8,31,7.65,scattered clouds
276,Tikrit,IQ,34.6071,43.6782,81.84,25,0,9.37,clear sky
277,Longyearbyen,SJ,78.2186,15.6401,12.04,67,40,3.44,scattered clouds
278,Sokyryany,UA,48.4475,27.4168,60.84,47,91,5.59,overcast clouds
279,San Luis,AR,-33.295,-66.3356,65.32,32,92,4.65,overcast clouds
280,Tiksi,RU,71.6872,128.8694,0.68,99,26,5.77,scattered clouds
281,Grindavik,IS,63.8424,-22.4338,45.07,87,100,20.71,light rain
282,Ribeira Grande,PT,38.5167,-28.7,66.6,72,75,8.05,broken clouds
283,Big Spring,US,32.2504,-101.4787,82.11,52,0,24.16,clear sky
284,Kalispell,US,48.1958,-114.3129,55.17,62,0,6.91,clear sky
285,Isernia,IT,41.6002,14.2382,58.82,84,78,3.62,broken clouds
286,Berlevag,NO,70.8578,29.0864,30.15,64,75,19.57,light snow
287,Pandamatenga,BW,-18.5278,25.627,70.97,40,72,6.15,broken clouds
288,Salalah,OM,17.0151,54.0924,86.09,84,75,8.05,broken clouds
289,Binika,IN,21.0333,83.8,92.53,30,65,8.05,broken clouds
290,Ajdabiya,LY,30.7554,20.2263,65.44,78,70,30.51,broken clouds
291,Raudeberg,NO,61.9875,5.1352,43.47,82,93,17.96,overcast clouds
292,Vila Franca Do Campo,PT,37.7167,-25.4333,64.81,72,37,4.21,scattered clouds
293,Muncie,US,40.1934,-85.3864,60.51,65,75,10.36,broken clouds
294,Anacortes,US,48.5126,-122.6127,51.91,96,75,9.22,moderate rain
295,Oistins,BB,13.0667,-59.5333,86.09,70,75,19.57,broken clouds
296,Cabo San Lucas,MX,22.8909,-109.9124,81.61,56,20,5.75,few clouds
297,Vanimo,PG,-2.6741,141.3028,78.1,88,71,3.49,light rain
298,Bardiyah,LY,31.7561,25.0865,77.2,43,15,8.86,few clouds
299,Fortuna,US,40.5982,-124.1573,52.93,87,75,12.66,broken clouds
300,Brownwood,US,31.7093,-98.9912,80.6,84,64,16.78,broken clouds
301,Labrea,BR,-7.2586,-64.7981,84.67,66,86,5.06,overcast clouds
302,Fochville,ZA,-26.4886,27.4939,62.38,24,0,3.76,clear sky
303,Buin,CL,-33.7333,-70.75,71.87,38,0,1.05,clear sky
304,Southern Pines,US,35.174,-79.3923,79.5,71,20,8.05,few clouds
305,Mega,ET,4.05,38.3,61.23,82,59,8.19,broken clouds
306,Mendi,PG,-6.1761,143.6513,56.41,98,100,2.39,overcast clouds
307,Pipili,IN,20.1167,85.8333,84.54,84,40,11.5,haze
308,Caetes,BR,-8.7731,-36.6225,76.37,70,80,9.44,broken clouds
309,Diu,IN,20.7141,70.9822,83.46,74,0,15.35,clear sky
310,Flinders,AU,-34.5833,150.8552,59.18,90,16,4.0,few clouds
311,Russkaya Polyana,UA,49.417,31.9201,56.77,54,42,6.17,scattered clouds
312,Camacari,BR,-12.6975,-38.3242,85.77,61,26,7.27,scattered clouds
313,Richards Bay,ZA,-28.783,32.0377,66.04,88,4,4.16,clear sky
314,Uyuni,BO,-20.4597,-66.825,54.09,15,0,19.62,clear sky
315,Hirara,JP,24.8,125.2833,69.21,78,100,23.53,moderate rain
316,Wahpeton,US,46.2652,-96.6059,38.12,81,100,19.57,overcast clouds
317,Aksu,CN,41.1231,80.2644,71.46,16,58,3.24,broken clouds
318,Kruisfontein,ZA,-34.0033,24.7314,70.88,67,91,7.36,overcast clouds
319,Ketchikan,US,55.3422,-131.6461,45.07,93,100,4.61,overcast clouds
320,Shimoda,JP,34.6667,138.95,51.1,56,67,16.02,broken clouds
321,Saint-Paul,RE,-21.0096,55.2707,75.31,84,8,4.56,light rain
322,Warwick,US,41.7001,-71.4162,57.88,65,100,5.75,overcast clouds
323,Deputatskiy,RU,69.3,139.9,15.12,98,100,2.93,overcast clouds
324,Saint-Philippe,RE,-21.3585,55.7679,74.79,81,14,6.29,few clouds
325,Saskylakh,RU,71.9167,114.0833,3.81,90,31,7.05,scattered clouds
326,Leningradskiy,RU,69.3833,178.4167,3.07,92,100,2.39,overcast clouds
327,Kaeo,NZ,-35.1,173.7833,58.51,87,99,5.37,overcast clouds
328,Namatanai,PG,-3.6667,152.4333,79.57,82,99,3.13,light rain
329,Port-Gentil,GA,-0.7193,8.7815,81.45,76,99,9.17,overcast clouds
330,Mikhaylovka,RU,50.06,43.2379,55.71,47,79,5.3,broken clouds
331,San Isidro,PE,-12.1167,-77.05,65.79,77,0,9.22,clear sky
332,Jiazi,CN,22.8779,116.067,64.71,85,100,9.71,overcast clouds
333,Turukhansk,RU,65.8167,87.9833,26.44,85,63,7.76,broken clouds
334,Waipawa,NZ,-41.4122,175.5153,55.0,90,97,4.38,overcast clouds
335,Dorchester,US,33.1002,-80.3831,83.98,65,20,4.61,few clouds
336,Golden,US,39.7555,-105.2211,41.02,94,100,14.97,overcast clouds
337,Padang,ID,-0.9492,100.3543,77.05,87,100,6.02,overcast clouds
338,Andenes,NO,69.3143,16.1194,33.78,75,75,24.16,broken clouds
339,Las Cruces,US,32.3123,-106.7783,76.05,18,0,20.71,clear sky
340,Vangaindrano,MG,-23.35,47.6,70.79,80,10,7.4,clear sky
341,Dunedin,NZ,-45.8742,170.5036,54.81,88,41,3.62,scattered clouds
342,Borogontsy,RU,62.6683,131.1683,22.6,85,100,7.87,overcast clouds
343,La Trinidad,PH,16.455,120.5875,63.45,87,76,2.75,broken clouds
344,Onalaska,US,43.8844,-91.2351,48.27,74,100,9.22,overcast clouds
345,Sumbe,AO,-11.2061,13.8437,80.06,80,20,5.64,few clouds
346,Fayetteville,US,35.0527,-78.8784,82.6,66,20,11.5,few clouds
347,Vestmannaeyjar,IS,63.4427,-20.2734,41.99,87,100,31.07,light rain
348,Peniche,PT,39.3558,-9.3811,64.29,76,31,19.15,scattered clouds
349,Enterprise,US,36.0252,-115.2419,71.24,26,20,3.44,few clouds
350,Vila Velha,BR,-20.3297,-40.2925,93.15,51,20,9.22,few clouds
351,Laguna,US,38.421,-121.4238,62.73,64,0,12.66,clear sky
352,Chicama,PE,-7.8447,-79.1469,63.14,60,49,7.63,scattered clouds
353,Ndungu,TZ,-4.3667,38.05,73.11,87,85,5.01,overcast clouds
354,Karpogory,RU,64.0019,44.4451,38.34,86,100,8.43,overcast clouds
355,Amot,NO,59.5714,7.9877,44.65,64,98,7.0,overcast clouds
356,Youkounkoun,GN,12.5333,-13.1333,108.01,13,32,2.04,scattered clouds
357,Beneditinos,BR,-5.45,-42.3667,90.23,50,100,4.5,overcast clouds
358,Petropavlovsk-Kamchatskiy,RU,53.0452,158.6483,27.19,80,0,4.47,clear sky
359,San Cristobal,VE,7.7669,-72.225,82.58,79,100,5.55,overcast clouds
360,Touros,BR,-5.1989,-35.4608,84.09,75,82,15.37,broken clouds
361,Beachwood,US,41.4645,-81.5087,55.69,73,100,11.5,overcast clouds
362,Iranshahr,IR,27.2025,60.6848,91.74,18,0,13.8,sand
363,North Bend,US,43.4065,-124.2243,50.07,86,100,23.02,overcast clouds
364,Sitka,US,57.0531,-135.33,44.49,76,75,5.75,light rain
365,Buala,SB,-8.145,159.5921,80.28,81,63,4.81,broken clouds
366,Ponta Delgada,PT,37.7333,-25.6667,65.12,68,75,8.05,broken clouds
367,Ambilobe,MG,-13.2,49.05,73.99,89,54,4.52,broken clouds
368,Yendi,GH,9.4427,-0.0099,100.4,27,94,3.42,overcast clouds
369,Olafsvik,IS,64.8945,-23.7142,38.8,72,74,12.12,light rain
370,Novo Aripuana,BR,-5.1206,-60.3797,82.18,73,97,5.41,overcast clouds
371,Beringovskiy,RU,63.05,179.3167,2.53,89,24,5.66,few clouds
372,Saryagash,KZ,41.4511,69.1701,78.76,57,100,8.52,overcast clouds
373,Fallon,US,39.4735,-118.7774,63.91,24,40,24.16,scattered clouds
374,Saint-Georges,GD,12.0564,-61.7485,85.68,70,40,29.93,scattered clouds
375,Katherine,AU,-14.4667,132.2667,73.72,53,6,4.61,clear sky
376,Ostrovnoy,RU,68.0531,39.5131,32.59,95,100,12.62,light snow
377,Santa Cruz,BO,-17.8,-63.1667,76.46,69,75,11.5,broken clouds
378,Piranhas,BR,-16.4269,-51.8222,90.39,28,25,6.8,scattered clouds
379,Port Macquarie,AU,-31.4333,152.9167,55.89,85,10,4.79,clear sky
380,Vao,NC,-22.6667,167.4833,75.43,88,13,9.26,few clouds
381,Saginaw,US,43.3334,-84.0333,53.64,73,100,13.8,overcast clouds
382,Portland,US,45.5234,-122.6762,51.73,80,75,18.41,broken clouds
383,Sharan,RU,54.8167,54.0,43.92,59,62,7.52,broken clouds
384,Itacoatiara,BR,-3.1431,-58.4442,73.4,98,100,3.69,light rain
385,Koulikoro,ML,14.0,-7.75,103.46,17,15,6.89,few clouds
386,Maarianhamina,AX,60.0973,19.9348,57.06,35,0,8.05,light rain
387,Abha,SA,18.2164,42.5053,71.42,64,40,6.91,light rain
388,Mopipi,BW,-21.1833,24.8833,72.99,23,0,7.38,clear sky
389,Porto Novo,BJ,6.4965,2.6036,85.95,68,98,13.94,overcast clouds
390,Hambantota,LK,6.1241,81.1185,82.42,79,94,16.2,overcast clouds
391,Tuzha,RU,57.6062,47.936,43.18,77,94,5.23,overcast clouds
392,Karratha,AU,-20.7377,116.8463,81.77,53,0,8.25,clear sky
393,Gamba,GA,-2.65,10.0,81.16,79,96,4.59,overcast clouds
394,Bitung,ID,1.4451,125.1824,79.65,84,95,6.64,light rain
395,Atar,MR,20.5169,-13.0499,103.66,7,40,9.31,scattered clouds
396,Eyrarbakki,IS,63.863,-21.1481,44.65,91,100,14.25,overcast clouds
397,Kostomuksha,RU,64.571,30.5767,38.01,90,100,13.98,moderate rain
398,Omboue,GA,-1.5746,9.2618,80.1,81,100,3.29,overcast clouds
399,Ushtobe,KZ,45.2514,77.9838,74.17,39,100,10.83,overcast clouds
400,Bahia Blanca,AR,-38.7196,-62.2724,57.36,52,34,3.62,scattered clouds
401,Sao Filipe,CV,14.8961,-24.4956,74.5,74,5,13.82,clear sky
402,Machico,PT,32.7,-16.7667,72.01,79,75,8.05,broken clouds
403,Salinopolis,BR,-0.6136,-47.3561,81.59,79,96,6.15,light rain
404,Angoram,PG,-4.0625,144.0661,74.1,100,100,3.38,overcast clouds
405,Havelock,US,34.8791,-76.9013,82.98,76,75,10.36,broken clouds
406,Chunhuhub,MX,19.55,-88.6833,88.43,50,27,6.35,scattered clouds
407,Sola,VU,-13.8833,167.55,80.38,75,100,11.36,overcast clouds
408,Mount Vernon,US,40.9126,-73.8371,55.63,89,100,13.8,mist
409,Koroni,GR,36.8,21.95,67.06,75,93,3.71,overcast clouds
410,Tuatapere,NZ,-46.1333,167.6833,49.91,86,17,5.3,few clouds
411,Zhezkazgan,KZ,47.8043,67.7144,66.02,40,100,17.69,overcast clouds
412,Presidencia Roque Saenz Pena,AR,-26.7852,-60.4388,60.67,98,100,6.76,overcast clouds
413,Jacmel,HT,18.2342,-72.5347,84.04,48,92,9.13,overcast clouds
414,Souillac,MU,-20.5167,57.5167,77.38,83,40,3.44,scattered clouds
415,Verkhoyansk,RU,67.5447,133.385,19.72,95,100,8.39,overcast clouds
416,Clyde River,CA,70.4692,-68.5914,8.83,85,20,3.44,few clouds
417,Muriwai Beach,NZ,-36.8167,174.45,56.86,91,92,5.19,overcast clouds
418,Mayumba,GA,-3.432,10.6554,80.62,82,100,5.21,overcast clouds
419,Zafarabad,IN,25.7,82.7333,91.42,49,58,16.37,broken clouds
420,Port Hardy,CA,50.6996,-127.4199,48.38,87,75,6.91,broken clouds
421,Covington,US,39.0837,-84.5086,69.51,54,0,12.66,clear sky
422,Miranda,CO,3.2499,-76.2281,80.73,64,83,3.94,broken clouds
423,Odweyne,SO,9.4092,45.064,78.76,52,85,1.7,light rain
424,Jhalida,IN,23.3667,85.9667,79.83,59,5,7.72,clear sky
425,Mananjary,MG,-21.2167,48.3333,72.59,86,16,8.48,light rain
426,Smolenskaya,RU,44.7887,38.8018,49.82,97,100,9.86,light rain
427,Haysville,US,37.5645,-97.3523,59.32,86,100,14.97,overcast clouds
428,Rocha,UY,-34.4833,-54.3333,61.36,53,96,8.68,overcast clouds
429,Rozkishne,UA,48.5074,39.3004,54.03,49,93,5.77,overcast clouds
430,Akdagmadeni,TR,39.6603,35.8836,52.7,61,62,6.82,broken clouds
431,Inongo,CD,-1.95,18.2667,79.38,73,34,0.83,scattered clouds
432,Nichinan,JP,31.6,131.3667,56.16,75,93,7.9,overcast clouds
433,Svobodnyy,RU,51.4,128.1333,42.48,89,100,13.06,overcast clouds
434,Lamu,KE,-2.2717,40.902,82.62,82,100,15.32,light rain
435,Makakilo City,US,21.3469,-158.0858,72.19,79,0,9.22,clear sky
436,Emerald,AU,-23.5333,148.1667,66.34,94,83,5.75,broken clouds
437,Praya,CV,14.9215,-23.5087,82.94,51,58,17.27,broken clouds
438,Maragogi,BR,-9.0122,-35.2225,82.26,77,53,11.43,broken clouds
439,Umm Lajj,SA,25.0213,37.2685,81.46,58,26,0.56,scattered clouds
440,Yining,CN,29.0361,114.5636,57.54,74,100,2.17,overcast clouds
441,Belogorsk,RU,50.9158,128.4611,42.69,85,100,14.16,overcast clouds
442,Innoshima,JP,34.2833,133.1833,54.5,60,97,6.08,overcast clouds
443,Roebourne,AU,-20.7833,117.1333,81.21,52,0,8.23,clear sky
444,Salvador,SV,13.8333,-88.9167,84.6,53,97,1.63,overcast clouds
445,Ardabil,IR,38.2498,48.2933,49.55,93,75,6.91,light rain
446,Hobyo,SO,5.3505,48.5268,85.93,69,100,17.25,light rain
447,Muzhi,RU,65.3667,64.6667,22.5,86,97,2.66,overcast clouds
448,Marsa Matruh,EG,31.3525,27.2453,81.28,36,32,13.42,scattered clouds
449,Kafanchan,NG,9.5833,8.3,80.89,63,58,6.17,light rain
450,Ust-Tsilma,RU,65.441,52.1498,29.91,89,48,2.82,scattered clouds
451,Ampanihy,MG,-24.7,44.75,68.04,70,16,10.58,few clouds
452,Novobelokatay,RU,55.7062,58.9549,40.03,77,88,6.91,overcast clouds
453,Aktash,RU,50.3,87.7333,36.23,81,98,5.26,overcast clouds
454,Kholodnyy,RU,62.7167,147.95,27.19,89,100,4.52,overcast clouds
455,Urumqi,CN,43.801,87.6005,76.15,13,0,20.13,clear sky
456,Kidal,ML,18.4411,1.4078,98.08,6,0,15.03,clear sky
457,Monrovia,LR,6.3005,-10.7969,84.76,71,48,8.21,light rain
458,Dongsheng,CN,39.8161,109.9776,56.68,16,3,10.69,clear sky
459,Stephenville Crossing,CA,48.5,-58.4318,48.33,57,75,6.91,broken clouds
460,Kahului,US,20.8947,-156.47,74.84,80,0,8.99,clear sky
461,Mongagua,BR,-24.0931,-46.6208,80.65,82,50,6.31,scattered clouds
462,Chauk,MM,20.8833,94.8167,88.92,42,62,7.25,broken clouds
463,Kargil,IN,34.5667,76.1,51.15,35,84,5.7,broken clouds
464,Rudbar,AF,30.15,62.6,89.01,14,1,5.73,clear sky
465,Villa Bruzual,VE,9.3328,-69.1208,92.46,39,24,5.19,few clouds
466,Synya,RU,65.3718,58.0387,28.94,79,100,4.05,overcast clouds
467,Marzuq,YE,14.4,46.4667,80.06,46,38,10.6,scattered clouds
468,Ostrovskoye,RU,57.8057,42.2433,45.68,62,61,4.68,broken clouds
469,Ashington,GB,50.9331,-0.3909,61.2,61,20,5.75,few clouds
470,Acapulco,MX,16.8634,-99.8901,89.42,35,20,0.0,few clouds
471,Ati,TD,13.2154,18.3353,104.45,16,61,10.51,broken clouds
472,Kavaratti,IN,10.5669,72.642,85.15,68,57,13.44,broken clouds
473,Sao Joao Da Barra,BR,-21.6403,-41.0511,89.69,55,0,6.51,clear sky
474,Ostersund,SE,63.1792,14.6357,41.61,70,20,21.85,few clouds
475,Mezokovacshaza,HU,46.4,20.9167,67.84,62,96,3.47,overcast clouds
476,Verkhnyaya Inta,RU,65.9811,60.3094,27.1,89,100,10.94,overcast clouds
477,Ayr,GB,55.4627,-4.6339,58.5,76,40,6.91,scattered clouds
478,Pochinki,RU,54.6988,44.8668,48.69,60,92,9.04,overcast clouds
479,Eirunepe,BR,-6.6603,-69.8736,81.03,87,63,3.42,broken clouds
480,Lander,US,42.833,-108.7307,45.1,83,100,4.61,overcast clouds
481,Puerto Madryn,AR,-42.7692,-65.0385,60.55,45,38,10.65,scattered clouds
482,Lorengau,PG,-2.0226,147.2712,80.85,76,80,3.15,broken clouds
483,Navahrudak,BY,53.6,25.8333,54.46,58,18,5.93,few clouds
484,Kushima,JP,31.4583,131.2333,55.78,77,100,6.11,overcast clouds
485,Daru,PG,-9.0763,143.2092,79.41,84,65,10.78,broken clouds
486,Polyarnyy,RU,69.1989,33.4478,32.79,96,100,21.36,light snow
487,The Valley,AI,18.217,-63.0578,84.09,74,20,18.41,few clouds
488,Pingliang,CN,35.5392,106.6861,53.8,28,9,5.73,clear sky
489,Chambersburg,US,39.9376,-77.6611,69.75,66,82,5.99,broken clouds
490,Coruripe,BR,-10.1256,-36.1756,81.63,73,59,10.2,broken clouds
491,Assiniboia,CA,49.6334,-105.9845,53.42,37,100,3.44,overcast clouds
492,Dwarka,IN,22.2394,68.9678,83.89,75,0,14.34,clear sky
493,Dawei,MM,14.0833,98.2,76.01,83,92,6.73,overcast clouds
494,Kirensk,RU,57.7853,108.1119,30.52,80,100,9.28,light snow
495,Mecca,SA,21.4267,39.8261,90.68,24,0,10.78,clear sky
496,Wuda,CN,39.4994,106.7117,60.3,12,0,4.72,clear sky
497,Eyl,SO,7.9803,49.8164,85.8,72,100,17.76,overcast clouds
498,Sabha,LY,27.0377,14.4283,80.28,17,64,9.22,broken clouds
499,Kamina,CD,-8.7386,24.9906,66.79,86,55,3.78,broken clouds
500,Kurumkan,RU,54.3,110.3,43.23,66,71,4.32,broken clouds
501,Aasiaat,GL,68.7098,-52.8699,21.04,72,93,4.0,overcast clouds
502,Narsaq,GL,60.9167,-46.05,43.02,93,100,0.98,light rain
503,Necochea,AR,-38.5473,-58.7368,53.67,52,100,5.59,overcast clouds
504,Ostrowiec Swietokrzyski,PL,50.9294,21.3853,67.68,49,61,2.57,broken clouds
505,Lichtenfels,DE,50.1457,11.0593,68.38,46,87,1.99,overcast clouds
506,Ust-Kulom,RU,61.6864,53.6902,30.13,91,76,3.0,broken clouds
507,Chiang Khong,TH,20.2613,100.4046,72.01,88,3,0.85,clear sky
508,Requena,ES,39.4883,-1.1004,57.87,88,74,7.99,broken clouds
509,Autazes,BR,-3.5797,-59.1306,73.22,99,100,2.42,moderate rain
510,Panguna,PG,-6.3164,155.4848,67.68,96,13,1.79,few clouds
511,Kamenka,RU,51.3223,42.7678,49.62,45,46,0.89,scattered clouds
512,Quata,BR,-22.2475,-50.6983,73.83,67,100,6.4,overcast clouds
513,Yarmouth,US,41.7057,-70.2286,57.61,65,75,10.36,broken clouds
514,Clinton,US,42.587,-82.9199,54.28,75,100,4.0,overcast clouds
515,Point Fortin,TT,10.1833,-61.6833,88.86,66,15,8.34,few clouds
516,Diego De Almagro,CL,-26.3667,-70.05,70.95,28,2,6.49,clear sky
517,Guangyuan,CN,32.442,105.823,57.87,60,8,1.97,clear sky
518,Chumikan,RU,54.7183,135.315,30.11,97,100,13.67,light snow
519,Kysyl-Syr,RU,63.8986,122.7617,22.17,88,100,7.85,overcast clouds
520,Launceston,AU,-41.45,147.1667,60.8,92,100,19.57,overcast clouds
521,Taoudenni,ML,22.6783,-3.9836,95.54,10,0,9.64,clear sky
522,Colina,BR,-20.7133,-48.5408,87.87,28,4,6.85,clear sky
523,Zelenoborsk,RU,61.4669,64.0333,32.77,90,99,5.08,light snow
524,Iracoubo,GF,5.4802,-53.2011,81.99,73,59,9.01,broken clouds
525,Keti Bandar,PK,24.1447,67.4497,82.62,77,0,19.42,clear sky
526,Ca Mau,VN,9.1769,105.15,80.2,87,100,3.8,overcast clouds
527,Luderitz,NA,-26.6481,15.1594,74.32,35,2,2.91,clear sky
528,Sobolevo,RU,54.4299,31.8996,50.41,76,74,4.76,light rain
529,Rabo De Peixe,PT,37.8,-25.5833,63.91,68,75,10.36,broken clouds
530,Tianpeng,CN,30.9866,103.9393,59.47,53,51,5.73,broken clouds
531,Grand Gaube,MU,-20.0064,57.6608,77.4,78,5,1.99,clear sky
532,Benton Harbor,US,42.1167,-86.4542,51.85,78,100,11.5,overcast clouds
533,Kerouane,GN,9.2667,-9.0167,95.5,32,59,3.47,broken clouds
534,Giroc,RO,45.6942,21.2358,64.58,68,0,2.3,clear sky
535,Alofi,NU,-19.0595,-169.9187,78.69,89,100,10.36,overcast clouds
536,Haines Junction,CA,60.7522,-137.5108,44.55,36,74,5.75,broken clouds
537,Lazaro Cardenas,MX,17.9583,-102.2,84.9,34,94,2.73,overcast clouds
538,Le Port,RE,-20.9373,55.2919,75.2,86,11,4.38,light rain
539,Zhanakorgan,KZ,43.9098,67.2495,73.54,49,100,7.38,light rain
540,Nishihara,JP,26.1842,127.7558,65.48,83,75,6.91,light rain
541,Morondava,MG,-20.2833,44.2833,79.11,69,0,15.26,clear sky
542,Wajima,JP,37.4,136.9,48.94,70,58,10.38,broken clouds
543,Fukue,JP,32.6881,128.8419,61.57,54,45,19.24,scattered clouds
544,Katangli,RU,51.7102,143.2326,31.05,97,100,11.9,overcast clouds
545,Lenine,UA,45.2986,35.7771,51.87,73,3,11.12,clear sky
546,Kimbe,PG,-5.5502,150.1429,75.79,94,69,3.2,broken clouds
547,Sao Miguel Do Araguaia,BR,-13.275,-50.1628,89.58,39,58,3.94,broken clouds
548,Etchoropo,MX,26.7667,-109.6667,76.91,49,2,14.0,clear sky
549,Mount Isa,AU,-20.7333,139.5,73.17,64,85,8.05,overcast clouds
550,Acarau,BR,-2.8856,-40.12,86.52,67,23,10.02,few clouds
551,Tuyen Quang,VN,21.8233,105.2181,69.12,65,74,2.55,broken clouds
552,Goderich,CA,43.7501,-81.7165,48.52,93,100,9.22,overcast clouds
553,Pimentel,PE,-6.8367,-79.9342,75.49,60,0,8.05,clear sky
554,Xai-Xai,MZ,-25.0519,33.6442,69.04,87,39,8.79,light rain
555,Port Hedland,AU,-20.3167,118.5667,75.25,69,0,8.05,clear sky
556,Lekoni,GA,-1.5843,14.2591,84.78,57,86,3.24,overcast clouds
557,Ailigandi,PA,9.2333,-78.0167,82.02,77,100,1.97,overcast clouds
558,Cabedelo,BR,-6.9811,-34.8339,83.07,76,79,15.12,broken clouds
559,Bilma,NE,18.6853,12.9164,102.69,9,6,9.33,clear sky
560,Abadiania,BR,-16.2042,-48.7069,79.72,28,17,4.12,few clouds
561,Purgstall,AT,48.0584,15.1348,65.43,59,99,5.37,overcast clouds
562,Brae,GB,60.3964,-1.353,41.92,66,86,15.55,overcast clouds
563,Tipperary,IE,52.4733,-8.1558,58.05,74,99,1.3,overcast clouds
564,Bochov,CZ,50.1487,13.0523,58.35,53,40,6.91,scattered clouds
565,San Quintin,MX,30.4833,-115.95,60.46,66,84,6.73,broken clouds
566,Mundi,IN,22.0667,76.5,98.49,18,10,8.28,clear sky
567,Stornoway,GB,58.2093,-6.3865,51.93,78,40,17.27,scattered clouds
568,Verkhnyaya Balkariya,RU,43.1279,43.4573,38.32,99,100,0.94,overcast clouds
569,Quattro Castella,IT,44.635,10.4743,68.29,48,30,6.53,scattered clouds
570,Maglajani,BA,44.9486,17.3494,62.62,82,40,3.44,scattered clouds
571,Smidovich,RU,48.6,133.8167,43.48,59,96,4.76,overcast clouds
572,Rock Springs,US,41.5875,-109.2029,49.05,71,100,4.61,overcast clouds
573,Glendive,US,47.1053,-104.7125,54.7,66,100,4.61,overcast clouds
574,Kharan,PK,28.5833,65.4167,89.67,10,11,7.07,few clouds
575,Borba,BR,-4.3878,-59.5939,74.59,95,100,3.51,overcast clouds
576,Tingo Maria,PE,-9.2895,-76.0088,80.91,74,40,4.61,scattered clouds
577,Nemuro,JP,43.3236,145.575,38.64,94,61,6.26,broken clouds
578,Axim,GH,4.8699,-2.2405,84.29,72,100,7.78,overcast clouds
579,Jedrzejow,PL,50.6394,20.3045,68.14,28,42,1.99,scattered clouds
580,Rio Tinto,PT,41.1826,-8.5581,67.35,62,0,21.85,clear sky
